{"frames": [

{
	"filename": "energy-blue/0000",
	"frame": {"x":856,"y":730,"w":120,"h":180},
	"rotated": false,
	"trimmed": false,
	"spriteSourceSize": {"x":0,"y":0,"w":120,"h":180},
	"sourceSize": {"w":120,"h":180}
},
{
	"filename": "energy-blue/0001",
	"frame": {"x":734,"y":730,"w":120,"h":180},
	"rotated": false,
	"trimmed": false,
	"spriteSourceSize": {"x":0,"y":0,"w":120,"h":180},
	"sourceSize": {"w":120,"h":180}
},
{
	"filename": "energy-blue/0002",
	"frame": {"x":856,"y":548,"w":120,"h":180},
	"rotated": false,
	"trimmed": false,
	"spriteSourceSize": {"x":0,"y":0,"w":120,"h":180},
	"sourceSize": {"w":120,"h":180}
},
{
	"filename": "energy-blue/0003",
	"frame": {"x":734,"y":548,"w":120,"h":180},
	"rotated": false,
	"trimmed": false,
	"spriteSourceSize": {"x":0,"y":0,"w":120,"h":180},
	"sourceSize": {"w":120,"h":180}
},
{
	"filename": "energy-blue/0004",
	"frame": {"x":612,"y":730,"w":120,"h":180},
	"rotated": false,
	"trimmed": false,
	"spriteSourceSize": {"x":0,"y":0,"w":120,"h":180},
	"sourceSize": {"w":120,"h":180}
},
{
	"filename": "energy-blue/0005",
	"frame": {"x":612,"y":548,"w":120,"h":180},
	"rotated": false,
	"trimmed": false,
	"spriteSourceSize": {"x":0,"y":0,"w":120,"h":180},
	"sourceSize": {"w":120,"h":180}
},
{
	"filename": "energy-blue/0006",
	"frame": {"x":490,"y":730,"w":120,"h":180},
	"rotated": false,
	"trimmed": false,
	"spriteSourceSize": {"x":0,"y":0,"w":120,"h":180},
	"sourceSize": {"w":120,"h":180}
},
{
	"filename": "energy-blue/0007",
	"frame": {"x":490,"y":548,"w":120,"h":180},
	"rotated": false,
	"trimmed": false,
	"spriteSourceSize": {"x":0,"y":0,"w":120,"h":180},
	"sourceSize": {"w":120,"h":180}
},
{
	"filename": "energy-blue/0008",
	"frame": {"x":856,"y":366,"w":120,"h":180},
	"rotated": false,
	"trimmed": false,
	"spriteSourceSize": {"x":0,"y":0,"w":120,"h":180},
	"sourceSize": {"w":120,"h":180}
},
{
	"filename": "energy-blue/0009",
	"frame": {"x":734,"y":366,"w":120,"h":180},
	"rotated": false,
	"trimmed": false,
	"spriteSourceSize": {"x":0,"y":0,"w":120,"h":180},
	"sourceSize": {"w":120,"h":180}
},
{
	"filename": "energy-blue/0010",
	"frame": {"x":612,"y":366,"w":120,"h":180},
	"rotated": false,
	"trimmed": false,
	"spriteSourceSize": {"x":0,"y":0,"w":120,"h":180},
	"sourceSize": {"w":120,"h":180}
},
{
	"filename": "energy-blue/0011",
	"frame": {"x":490,"y":366,"w":120,"h":180},
	"rotated": false,
	"trimmed": false,
	"spriteSourceSize": {"x":0,"y":0,"w":120,"h":180},
	"sourceSize": {"w":120,"h":180}
},
{
	"filename": "energy-blue/0012",
	"frame": {"x":368,"y":730,"w":120,"h":180},
	"rotated": false,
	"trimmed": false,
	"spriteSourceSize": {"x":0,"y":0,"w":120,"h":180},
	"sourceSize": {"w":120,"h":180}
},
{
	"filename": "energy-blue/0013",
	"frame": {"x":368,"y":548,"w":120,"h":180},
	"rotated": false,
	"trimmed": false,
	"spriteSourceSize": {"x":0,"y":0,"w":120,"h":180},
	"sourceSize": {"w":120,"h":180}
},
{
	"filename": "energy-blue/0014",
	"frame": {"x":368,"y":366,"w":120,"h":180},
	"rotated": false,
	"trimmed": false,
	"spriteSourceSize": {"x":0,"y":0,"w":120,"h":180},
	"sourceSize": {"w":120,"h":180}
},
{
	"filename": "energy-blue/0015",
	"frame": {"x":856,"y":184,"w":120,"h":180},
	"rotated": false,
	"trimmed": false,
	"spriteSourceSize": {"x":0,"y":0,"w":120,"h":180},
	"sourceSize": {"w":120,"h":180}
},
{
	"filename": "energy-blue/0016",
	"frame": {"x":734,"y":184,"w":120,"h":180},
	"rotated": false,
	"trimmed": false,
	"spriteSourceSize": {"x":0,"y":0,"w":120,"h":180},
	"sourceSize": {"w":120,"h":180}
},
{
	"filename": "energy-blue/0017",
	"frame": {"x":612,"y":184,"w":120,"h":180},
	"rotated": false,
	"trimmed": false,
	"spriteSourceSize": {"x":0,"y":0,"w":120,"h":180},
	"sourceSize": {"w":120,"h":180}
},
{
	"filename": "energy-blue/0018",
	"frame": {"x":490,"y":184,"w":120,"h":180},
	"rotated": false,
	"trimmed": false,
	"spriteSourceSize": {"x":0,"y":0,"w":120,"h":180},
	"sourceSize": {"w":120,"h":180}
},
{
	"filename": "energy-blue/0019",
	"frame": {"x":368,"y":184,"w":120,"h":180},
	"rotated": false,
	"trimmed": false,
	"spriteSourceSize": {"x":0,"y":0,"w":120,"h":180},
	"sourceSize": {"w":120,"h":180}
},
{
	"filename": "energy-blue/0020",
	"frame": {"x":246,"y":730,"w":120,"h":180},
	"rotated": false,
	"trimmed": false,
	"spriteSourceSize": {"x":0,"y":0,"w":120,"h":180},
	"sourceSize": {"w":120,"h":180}
},
{
	"filename": "energy-blue/0021",
	"frame": {"x":246,"y":548,"w":120,"h":180},
	"rotated": false,
	"trimmed": false,
	"spriteSourceSize": {"x":0,"y":0,"w":120,"h":180},
	"sourceSize": {"w":120,"h":180}
},
{
	"filename": "energy-blue/0022",
	"frame": {"x":246,"y":366,"w":120,"h":180},
	"rotated": false,
	"trimmed": false,
	"spriteSourceSize": {"x":0,"y":0,"w":120,"h":180},
	"sourceSize": {"w":120,"h":180}
},
{
	"filename": "energy-blue/0023",
	"frame": {"x":246,"y":184,"w":120,"h":180},
	"rotated": false,
	"trimmed": false,
	"spriteSourceSize": {"x":0,"y":0,"w":120,"h":180},
	"sourceSize": {"w":120,"h":180}
},
{
	"filename": "energy-blue/0024",
	"frame": {"x":124,"y":730,"w":120,"h":180},
	"rotated": false,
	"trimmed": false,
	"spriteSourceSize": {"x":0,"y":0,"w":120,"h":180},
	"sourceSize": {"w":120,"h":180}
},
{
	"filename": "energy-blue/0025",
	"frame": {"x":124,"y":548,"w":120,"h":180},
	"rotated": false,
	"trimmed": false,
	"spriteSourceSize": {"x":0,"y":0,"w":120,"h":180},
	"sourceSize": {"w":120,"h":180}
},
{
	"filename": "energy-blue/0026",
	"frame": {"x":124,"y":366,"w":120,"h":180},
	"rotated": false,
	"trimmed": false,
	"spriteSourceSize": {"x":0,"y":0,"w":120,"h":180},
	"sourceSize": {"w":120,"h":180}
},
{
	"filename": "energy-blue/0027",
	"frame": {"x":124,"y":184,"w":120,"h":180},
	"rotated": false,
	"trimmed": false,
	"spriteSourceSize": {"x":0,"y":0,"w":120,"h":180},
	"sourceSize": {"w":120,"h":180}
},
{
	"filename": "energy-blue/0028",
	"frame": {"x":856,"y":2,"w":120,"h":180},
	"rotated": false,
	"trimmed": false,
	"spriteSourceSize": {"x":0,"y":0,"w":120,"h":180},
	"sourceSize": {"w":120,"h":180}
},
{
	"filename": "energy-blue/0029",
	"frame": {"x":734,"y":2,"w":120,"h":180},
	"rotated": false,
	"trimmed": false,
	"spriteSourceSize": {"x":0,"y":0,"w":120,"h":180},
	"sourceSize": {"w":120,"h":180}
},
{
	"filename": "energy-blue/0030",
	"frame": {"x":612,"y":2,"w":120,"h":180},
	"rotated": false,
	"trimmed": false,
	"spriteSourceSize": {"x":0,"y":0,"w":120,"h":180},
	"sourceSize": {"w":120,"h":180}
},
{
	"filename": "energy-blue/0031",
	"frame": {"x":490,"y":2,"w":120,"h":180},
	"rotated": false,
	"trimmed": false,
	"spriteSourceSize": {"x":0,"y":0,"w":120,"h":180},
	"sourceSize": {"w":120,"h":180}
},
{
	"filename": "energy-blue/0032",
	"frame": {"x":368,"y":2,"w":120,"h":180},
	"rotated": false,
	"trimmed": false,
	"spriteSourceSize": {"x":0,"y":0,"w":120,"h":180},
	"sourceSize": {"w":120,"h":180}
},
{
	"filename": "energy-blue/0033",
	"frame": {"x":246,"y":2,"w":120,"h":180},
	"rotated": false,
	"trimmed": false,
	"spriteSourceSize": {"x":0,"y":0,"w":120,"h":180},
	"sourceSize": {"w":120,"h":180}
},
{
	"filename": "energy-blue/0034",
	"frame": {"x":124,"y":2,"w":120,"h":180},
	"rotated": false,
	"trimmed": false,
	"spriteSourceSize": {"x":0,"y":0,"w":120,"h":180},
	"sourceSize": {"w":120,"h":180}
},
{
	"filename": "energy-blue/0035",
	"frame": {"x":2,"y":730,"w":120,"h":180},
	"rotated": false,
	"trimmed": false,
	"spriteSourceSize": {"x":0,"y":0,"w":120,"h":180},
	"sourceSize": {"w":120,"h":180}
},
{
	"filename": "energy-blue/0036",
	"frame": {"x":2,"y":548,"w":120,"h":180},
	"rotated": false,
	"trimmed": false,
	"spriteSourceSize": {"x":0,"y":0,"w":120,"h":180},
	"sourceSize": {"w":120,"h":180}
},
{
	"filename": "energy-blue/0037",
	"frame": {"x":2,"y":366,"w":120,"h":180},
	"rotated": false,
	"trimmed": false,
	"spriteSourceSize": {"x":0,"y":0,"w":120,"h":180},
	"sourceSize": {"w":120,"h":180}
},
{
	"filename": "energy-blue/0038",
	"frame": {"x":2,"y":184,"w":120,"h":180},
	"rotated": false,
	"trimmed": false,
	"spriteSourceSize": {"x":0,"y":0,"w":120,"h":180},
	"sourceSize": {"w":120,"h":180}
},
{
	"filename": "energy-blue/0039",
	"frame": {"x":2,"y":2,"w":120,"h":180},
	"rotated": false,
	"trimmed": false,
	"spriteSourceSize": {"x":0,"y":0,"w":120,"h":180},
	"sourceSize": {"w":120,"h":180}
}],
"meta": {
	"app": "http://www.codeandweb.com/texturepacker ",
	"version": "1.0",
	"image": "energy-blue.png",
	"format": "RGBA8888",
	"size": {"w":1024,"h":1024},
	"scale": "1",
	"smartupdate": "$TexturePacker:SmartUpdate:052ab0454bcf92195bb8c432ec08c976:01fccc92e1764361c4c600c532ff3f23:5002e23520956efe7a86305e2bc2d3ac$"
}
}
