{"frames": [

{
	"filename": "point-green/0000",
	"frame": {"x":856,"y":730,"w":120,"h":180},
	"rotated": false,
	"trimmed": false,
	"spriteSourceSize": {"x":0,"y":0,"w":120,"h":180},
	"sourceSize": {"w":120,"h":180}
},
{
	"filename": "point-green/0001",
	"frame": {"x":734,"y":730,"w":120,"h":180},
	"rotated": false,
	"trimmed": false,
	"spriteSourceSize": {"x":0,"y":0,"w":120,"h":180},
	"sourceSize": {"w":120,"h":180}
},
{
	"filename": "point-green/0002",
	"frame": {"x":856,"y":548,"w":120,"h":180},
	"rotated": false,
	"trimmed": false,
	"spriteSourceSize": {"x":0,"y":0,"w":120,"h":180},
	"sourceSize": {"w":120,"h":180}
},
{
	"filename": "point-green/0003",
	"frame": {"x":734,"y":548,"w":120,"h":180},
	"rotated": false,
	"trimmed": false,
	"spriteSourceSize": {"x":0,"y":0,"w":120,"h":180},
	"sourceSize": {"w":120,"h":180}
},
{
	"filename": "point-green/0004",
	"frame": {"x":612,"y":730,"w":120,"h":180},
	"rotated": false,
	"trimmed": false,
	"spriteSourceSize": {"x":0,"y":0,"w":120,"h":180},
	"sourceSize": {"w":120,"h":180}
},
{
	"filename": "point-green/0005",
	"frame": {"x":612,"y":548,"w":120,"h":180},
	"rotated": false,
	"trimmed": false,
	"spriteSourceSize": {"x":0,"y":0,"w":120,"h":180},
	"sourceSize": {"w":120,"h":180}
},
{
	"filename": "point-green/0006",
	"frame": {"x":490,"y":730,"w":120,"h":180},
	"rotated": false,
	"trimmed": false,
	"spriteSourceSize": {"x":0,"y":0,"w":120,"h":180},
	"sourceSize": {"w":120,"h":180}
},
{
	"filename": "point-green/0007",
	"frame": {"x":490,"y":548,"w":120,"h":180},
	"rotated": false,
	"trimmed": false,
	"spriteSourceSize": {"x":0,"y":0,"w":120,"h":180},
	"sourceSize": {"w":120,"h":180}
},
{
	"filename": "point-green/0008",
	"frame": {"x":856,"y":366,"w":120,"h":180},
	"rotated": false,
	"trimmed": false,
	"spriteSourceSize": {"x":0,"y":0,"w":120,"h":180},
	"sourceSize": {"w":120,"h":180}
},
{
	"filename": "point-green/0009",
	"frame": {"x":734,"y":366,"w":120,"h":180},
	"rotated": false,
	"trimmed": false,
	"spriteSourceSize": {"x":0,"y":0,"w":120,"h":180},
	"sourceSize": {"w":120,"h":180}
},
{
	"filename": "point-green/0010",
	"frame": {"x":612,"y":366,"w":120,"h":180},
	"rotated": false,
	"trimmed": false,
	"spriteSourceSize": {"x":0,"y":0,"w":120,"h":180},
	"sourceSize": {"w":120,"h":180}
},
{
	"filename": "point-green/0011",
	"frame": {"x":490,"y":366,"w":120,"h":180},
	"rotated": false,
	"trimmed": false,
	"spriteSourceSize": {"x":0,"y":0,"w":120,"h":180},
	"sourceSize": {"w":120,"h":180}
},
{
	"filename": "point-green/0012",
	"frame": {"x":368,"y":730,"w":120,"h":180},
	"rotated": false,
	"trimmed": false,
	"spriteSourceSize": {"x":0,"y":0,"w":120,"h":180},
	"sourceSize": {"w":120,"h":180}
},
{
	"filename": "point-green/0013",
	"frame": {"x":368,"y":548,"w":120,"h":180},
	"rotated": false,
	"trimmed": false,
	"spriteSourceSize": {"x":0,"y":0,"w":120,"h":180},
	"sourceSize": {"w":120,"h":180}
},
{
	"filename": "point-green/0014",
	"frame": {"x":368,"y":366,"w":120,"h":180},
	"rotated": false,
	"trimmed": false,
	"spriteSourceSize": {"x":0,"y":0,"w":120,"h":180},
	"sourceSize": {"w":120,"h":180}
},
{
	"filename": "point-green/0015",
	"frame": {"x":856,"y":184,"w":120,"h":180},
	"rotated": false,
	"trimmed": false,
	"spriteSourceSize": {"x":0,"y":0,"w":120,"h":180},
	"sourceSize": {"w":120,"h":180}
},
{
	"filename": "point-green/0016",
	"frame": {"x":734,"y":184,"w":120,"h":180},
	"rotated": false,
	"trimmed": false,
	"spriteSourceSize": {"x":0,"y":0,"w":120,"h":180},
	"sourceSize": {"w":120,"h":180}
},
{
	"filename": "point-green/0017",
	"frame": {"x":612,"y":184,"w":120,"h":180},
	"rotated": false,
	"trimmed": false,
	"spriteSourceSize": {"x":0,"y":0,"w":120,"h":180},
	"sourceSize": {"w":120,"h":180}
},
{
	"filename": "point-green/0018",
	"frame": {"x":490,"y":184,"w":120,"h":180},
	"rotated": false,
	"trimmed": false,
	"spriteSourceSize": {"x":0,"y":0,"w":120,"h":180},
	"sourceSize": {"w":120,"h":180}
},
{
	"filename": "point-green/0019",
	"frame": {"x":368,"y":184,"w":120,"h":180},
	"rotated": false,
	"trimmed": false,
	"spriteSourceSize": {"x":0,"y":0,"w":120,"h":180},
	"sourceSize": {"w":120,"h":180}
},
{
	"filename": "point-green/0020",
	"frame": {"x":246,"y":730,"w":120,"h":180},
	"rotated": false,
	"trimmed": false,
	"spriteSourceSize": {"x":0,"y":0,"w":120,"h":180},
	"sourceSize": {"w":120,"h":180}
},
{
	"filename": "point-green/0021",
	"frame": {"x":246,"y":548,"w":120,"h":180},
	"rotated": false,
	"trimmed": false,
	"spriteSourceSize": {"x":0,"y":0,"w":120,"h":180},
	"sourceSize": {"w":120,"h":180}
},
{
	"filename": "point-green/0022",
	"frame": {"x":246,"y":366,"w":120,"h":180},
	"rotated": false,
	"trimmed": false,
	"spriteSourceSize": {"x":0,"y":0,"w":120,"h":180},
	"sourceSize": {"w":120,"h":180}
},
{
	"filename": "point-green/0023",
	"frame": {"x":246,"y":184,"w":120,"h":180},
	"rotated": false,
	"trimmed": false,
	"spriteSourceSize": {"x":0,"y":0,"w":120,"h":180},
	"sourceSize": {"w":120,"h":180}
},
{
	"filename": "point-green/0024",
	"frame": {"x":124,"y":730,"w":120,"h":180},
	"rotated": false,
	"trimmed": false,
	"spriteSourceSize": {"x":0,"y":0,"w":120,"h":180},
	"sourceSize": {"w":120,"h":180}
},
{
	"filename": "point-green/0025",
	"frame": {"x":124,"y":548,"w":120,"h":180},
	"rotated": false,
	"trimmed": false,
	"spriteSourceSize": {"x":0,"y":0,"w":120,"h":180},
	"sourceSize": {"w":120,"h":180}
},
{
	"filename": "point-green/0026",
	"frame": {"x":124,"y":366,"w":120,"h":180},
	"rotated": false,
	"trimmed": false,
	"spriteSourceSize": {"x":0,"y":0,"w":120,"h":180},
	"sourceSize": {"w":120,"h":180}
},
{
	"filename": "point-green/0027",
	"frame": {"x":124,"y":184,"w":120,"h":180},
	"rotated": false,
	"trimmed": false,
	"spriteSourceSize": {"x":0,"y":0,"w":120,"h":180},
	"sourceSize": {"w":120,"h":180}
},
{
	"filename": "point-green/0028",
	"frame": {"x":856,"y":2,"w":120,"h":180},
	"rotated": false,
	"trimmed": false,
	"spriteSourceSize": {"x":0,"y":0,"w":120,"h":180},
	"sourceSize": {"w":120,"h":180}
},
{
	"filename": "point-green/0029",
	"frame": {"x":734,"y":2,"w":120,"h":180},
	"rotated": false,
	"trimmed": false,
	"spriteSourceSize": {"x":0,"y":0,"w":120,"h":180},
	"sourceSize": {"w":120,"h":180}
},
{
	"filename": "point-green/0030",
	"frame": {"x":612,"y":2,"w":120,"h":180},
	"rotated": false,
	"trimmed": false,
	"spriteSourceSize": {"x":0,"y":0,"w":120,"h":180},
	"sourceSize": {"w":120,"h":180}
},
{
	"filename": "point-green/0031",
	"frame": {"x":490,"y":2,"w":120,"h":180},
	"rotated": false,
	"trimmed": false,
	"spriteSourceSize": {"x":0,"y":0,"w":120,"h":180},
	"sourceSize": {"w":120,"h":180}
},
{
	"filename": "point-green/0032",
	"frame": {"x":368,"y":2,"w":120,"h":180},
	"rotated": false,
	"trimmed": false,
	"spriteSourceSize": {"x":0,"y":0,"w":120,"h":180},
	"sourceSize": {"w":120,"h":180}
},
{
	"filename": "point-green/0033",
	"frame": {"x":246,"y":2,"w":120,"h":180},
	"rotated": false,
	"trimmed": false,
	"spriteSourceSize": {"x":0,"y":0,"w":120,"h":180},
	"sourceSize": {"w":120,"h":180}
},
{
	"filename": "point-green/0034",
	"frame": {"x":124,"y":2,"w":120,"h":180},
	"rotated": false,
	"trimmed": false,
	"spriteSourceSize": {"x":0,"y":0,"w":120,"h":180},
	"sourceSize": {"w":120,"h":180}
},
{
	"filename": "point-green/0035",
	"frame": {"x":2,"y":730,"w":120,"h":180},
	"rotated": false,
	"trimmed": false,
	"spriteSourceSize": {"x":0,"y":0,"w":120,"h":180},
	"sourceSize": {"w":120,"h":180}
},
{
	"filename": "point-green/0036",
	"frame": {"x":2,"y":548,"w":120,"h":180},
	"rotated": false,
	"trimmed": false,
	"spriteSourceSize": {"x":0,"y":0,"w":120,"h":180},
	"sourceSize": {"w":120,"h":180}
},
{
	"filename": "point-green/0037",
	"frame": {"x":2,"y":366,"w":120,"h":180},
	"rotated": false,
	"trimmed": false,
	"spriteSourceSize": {"x":0,"y":0,"w":120,"h":180},
	"sourceSize": {"w":120,"h":180}
},
{
	"filename": "point-green/0038",
	"frame": {"x":2,"y":184,"w":120,"h":180},
	"rotated": false,
	"trimmed": false,
	"spriteSourceSize": {"x":0,"y":0,"w":120,"h":180},
	"sourceSize": {"w":120,"h":180}
},
{
	"filename": "point-green/0039",
	"frame": {"x":2,"y":2,"w":120,"h":180},
	"rotated": false,
	"trimmed": false,
	"spriteSourceSize": {"x":0,"y":0,"w":120,"h":180},
	"sourceSize": {"w":120,"h":180}
}],
"meta": {
	"app": "http://www.codeandweb.com/texturepacker ",
	"version": "1.0",
	"image": "point-green.png",
	"format": "RGBA8888",
	"size": {"w":1024,"h":1024},
	"scale": "1",
	"smartupdate": "$TexturePacker:SmartUpdate:75615e7b42ec52472a0ef87b6889c103:430e932f84f3232fd5041df61323524b:74beebe687de0accc7ad623a19b68751$"
}
}
