{"frames": [

{
	"filename": "point-red/0000",
	"frame": {"x":856,"y":730,"w":120,"h":180},
	"rotated": false,
	"trimmed": false,
	"spriteSourceSize": {"x":0,"y":0,"w":120,"h":180},
	"sourceSize": {"w":120,"h":180}
},
{
	"filename": "point-red/0001",
	"frame": {"x":734,"y":730,"w":120,"h":180},
	"rotated": false,
	"trimmed": false,
	"spriteSourceSize": {"x":0,"y":0,"w":120,"h":180},
	"sourceSize": {"w":120,"h":180}
},
{
	"filename": "point-red/0002",
	"frame": {"x":856,"y":548,"w":120,"h":180},
	"rotated": false,
	"trimmed": false,
	"spriteSourceSize": {"x":0,"y":0,"w":120,"h":180},
	"sourceSize": {"w":120,"h":180}
},
{
	"filename": "point-red/0003",
	"frame": {"x":734,"y":548,"w":120,"h":180},
	"rotated": false,
	"trimmed": false,
	"spriteSourceSize": {"x":0,"y":0,"w":120,"h":180},
	"sourceSize": {"w":120,"h":180}
},
{
	"filename": "point-red/0004",
	"frame": {"x":612,"y":730,"w":120,"h":180},
	"rotated": false,
	"trimmed": false,
	"spriteSourceSize": {"x":0,"y":0,"w":120,"h":180},
	"sourceSize": {"w":120,"h":180}
},
{
	"filename": "point-red/0005",
	"frame": {"x":612,"y":548,"w":120,"h":180},
	"rotated": false,
	"trimmed": false,
	"spriteSourceSize": {"x":0,"y":0,"w":120,"h":180},
	"sourceSize": {"w":120,"h":180}
},
{
	"filename": "point-red/0006",
	"frame": {"x":490,"y":730,"w":120,"h":180},
	"rotated": false,
	"trimmed": false,
	"spriteSourceSize": {"x":0,"y":0,"w":120,"h":180},
	"sourceSize": {"w":120,"h":180}
},
{
	"filename": "point-red/0007",
	"frame": {"x":490,"y":548,"w":120,"h":180},
	"rotated": false,
	"trimmed": false,
	"spriteSourceSize": {"x":0,"y":0,"w":120,"h":180},
	"sourceSize": {"w":120,"h":180}
},
{
	"filename": "point-red/0008",
	"frame": {"x":856,"y":366,"w":120,"h":180},
	"rotated": false,
	"trimmed": false,
	"spriteSourceSize": {"x":0,"y":0,"w":120,"h":180},
	"sourceSize": {"w":120,"h":180}
},
{
	"filename": "point-red/0009",
	"frame": {"x":734,"y":366,"w":120,"h":180},
	"rotated": false,
	"trimmed": false,
	"spriteSourceSize": {"x":0,"y":0,"w":120,"h":180},
	"sourceSize": {"w":120,"h":180}
},
{
	"filename": "point-red/0010",
	"frame": {"x":612,"y":366,"w":120,"h":180},
	"rotated": false,
	"trimmed": false,
	"spriteSourceSize": {"x":0,"y":0,"w":120,"h":180},
	"sourceSize": {"w":120,"h":180}
},
{
	"filename": "point-red/0011",
	"frame": {"x":490,"y":366,"w":120,"h":180},
	"rotated": false,
	"trimmed": false,
	"spriteSourceSize": {"x":0,"y":0,"w":120,"h":180},
	"sourceSize": {"w":120,"h":180}
},
{
	"filename": "point-red/0012",
	"frame": {"x":368,"y":730,"w":120,"h":180},
	"rotated": false,
	"trimmed": false,
	"spriteSourceSize": {"x":0,"y":0,"w":120,"h":180},
	"sourceSize": {"w":120,"h":180}
},
{
	"filename": "point-red/0013",
	"frame": {"x":368,"y":548,"w":120,"h":180},
	"rotated": false,
	"trimmed": false,
	"spriteSourceSize": {"x":0,"y":0,"w":120,"h":180},
	"sourceSize": {"w":120,"h":180}
},
{
	"filename": "point-red/0014",
	"frame": {"x":368,"y":366,"w":120,"h":180},
	"rotated": false,
	"trimmed": false,
	"spriteSourceSize": {"x":0,"y":0,"w":120,"h":180},
	"sourceSize": {"w":120,"h":180}
},
{
	"filename": "point-red/0015",
	"frame": {"x":856,"y":184,"w":120,"h":180},
	"rotated": false,
	"trimmed": false,
	"spriteSourceSize": {"x":0,"y":0,"w":120,"h":180},
	"sourceSize": {"w":120,"h":180}
},
{
	"filename": "point-red/0016",
	"frame": {"x":734,"y":184,"w":120,"h":180},
	"rotated": false,
	"trimmed": false,
	"spriteSourceSize": {"x":0,"y":0,"w":120,"h":180},
	"sourceSize": {"w":120,"h":180}
},
{
	"filename": "point-red/0017",
	"frame": {"x":612,"y":184,"w":120,"h":180},
	"rotated": false,
	"trimmed": false,
	"spriteSourceSize": {"x":0,"y":0,"w":120,"h":180},
	"sourceSize": {"w":120,"h":180}
},
{
	"filename": "point-red/0018",
	"frame": {"x":490,"y":184,"w":120,"h":180},
	"rotated": false,
	"trimmed": false,
	"spriteSourceSize": {"x":0,"y":0,"w":120,"h":180},
	"sourceSize": {"w":120,"h":180}
},
{
	"filename": "point-red/0019",
	"frame": {"x":368,"y":184,"w":120,"h":180},
	"rotated": false,
	"trimmed": false,
	"spriteSourceSize": {"x":0,"y":0,"w":120,"h":180},
	"sourceSize": {"w":120,"h":180}
},
{
	"filename": "point-red/0020",
	"frame": {"x":246,"y":730,"w":120,"h":180},
	"rotated": false,
	"trimmed": false,
	"spriteSourceSize": {"x":0,"y":0,"w":120,"h":180},
	"sourceSize": {"w":120,"h":180}
},
{
	"filename": "point-red/0021",
	"frame": {"x":246,"y":548,"w":120,"h":180},
	"rotated": false,
	"trimmed": false,
	"spriteSourceSize": {"x":0,"y":0,"w":120,"h":180},
	"sourceSize": {"w":120,"h":180}
},
{
	"filename": "point-red/0022",
	"frame": {"x":246,"y":366,"w":120,"h":180},
	"rotated": false,
	"trimmed": false,
	"spriteSourceSize": {"x":0,"y":0,"w":120,"h":180},
	"sourceSize": {"w":120,"h":180}
},
{
	"filename": "point-red/0023",
	"frame": {"x":246,"y":184,"w":120,"h":180},
	"rotated": false,
	"trimmed": false,
	"spriteSourceSize": {"x":0,"y":0,"w":120,"h":180},
	"sourceSize": {"w":120,"h":180}
},
{
	"filename": "point-red/0024",
	"frame": {"x":124,"y":730,"w":120,"h":180},
	"rotated": false,
	"trimmed": false,
	"spriteSourceSize": {"x":0,"y":0,"w":120,"h":180},
	"sourceSize": {"w":120,"h":180}
},
{
	"filename": "point-red/0025",
	"frame": {"x":124,"y":548,"w":120,"h":180},
	"rotated": false,
	"trimmed": false,
	"spriteSourceSize": {"x":0,"y":0,"w":120,"h":180},
	"sourceSize": {"w":120,"h":180}
},
{
	"filename": "point-red/0026",
	"frame": {"x":124,"y":366,"w":120,"h":180},
	"rotated": false,
	"trimmed": false,
	"spriteSourceSize": {"x":0,"y":0,"w":120,"h":180},
	"sourceSize": {"w":120,"h":180}
},
{
	"filename": "point-red/0027",
	"frame": {"x":124,"y":184,"w":120,"h":180},
	"rotated": false,
	"trimmed": false,
	"spriteSourceSize": {"x":0,"y":0,"w":120,"h":180},
	"sourceSize": {"w":120,"h":180}
},
{
	"filename": "point-red/0028",
	"frame": {"x":856,"y":2,"w":120,"h":180},
	"rotated": false,
	"trimmed": false,
	"spriteSourceSize": {"x":0,"y":0,"w":120,"h":180},
	"sourceSize": {"w":120,"h":180}
},
{
	"filename": "point-red/0029",
	"frame": {"x":734,"y":2,"w":120,"h":180},
	"rotated": false,
	"trimmed": false,
	"spriteSourceSize": {"x":0,"y":0,"w":120,"h":180},
	"sourceSize": {"w":120,"h":180}
},
{
	"filename": "point-red/0030",
	"frame": {"x":612,"y":2,"w":120,"h":180},
	"rotated": false,
	"trimmed": false,
	"spriteSourceSize": {"x":0,"y":0,"w":120,"h":180},
	"sourceSize": {"w":120,"h":180}
},
{
	"filename": "point-red/0031",
	"frame": {"x":490,"y":2,"w":120,"h":180},
	"rotated": false,
	"trimmed": false,
	"spriteSourceSize": {"x":0,"y":0,"w":120,"h":180},
	"sourceSize": {"w":120,"h":180}
},
{
	"filename": "point-red/0032",
	"frame": {"x":368,"y":2,"w":120,"h":180},
	"rotated": false,
	"trimmed": false,
	"spriteSourceSize": {"x":0,"y":0,"w":120,"h":180},
	"sourceSize": {"w":120,"h":180}
},
{
	"filename": "point-red/0033",
	"frame": {"x":246,"y":2,"w":120,"h":180},
	"rotated": false,
	"trimmed": false,
	"spriteSourceSize": {"x":0,"y":0,"w":120,"h":180},
	"sourceSize": {"w":120,"h":180}
},
{
	"filename": "point-red/0034",
	"frame": {"x":124,"y":2,"w":120,"h":180},
	"rotated": false,
	"trimmed": false,
	"spriteSourceSize": {"x":0,"y":0,"w":120,"h":180},
	"sourceSize": {"w":120,"h":180}
},
{
	"filename": "point-red/0035",
	"frame": {"x":2,"y":730,"w":120,"h":180},
	"rotated": false,
	"trimmed": false,
	"spriteSourceSize": {"x":0,"y":0,"w":120,"h":180},
	"sourceSize": {"w":120,"h":180}
},
{
	"filename": "point-red/0036",
	"frame": {"x":2,"y":548,"w":120,"h":180},
	"rotated": false,
	"trimmed": false,
	"spriteSourceSize": {"x":0,"y":0,"w":120,"h":180},
	"sourceSize": {"w":120,"h":180}
},
{
	"filename": "point-red/0037",
	"frame": {"x":2,"y":366,"w":120,"h":180},
	"rotated": false,
	"trimmed": false,
	"spriteSourceSize": {"x":0,"y":0,"w":120,"h":180},
	"sourceSize": {"w":120,"h":180}
},
{
	"filename": "point-red/0038",
	"frame": {"x":2,"y":184,"w":120,"h":180},
	"rotated": false,
	"trimmed": false,
	"spriteSourceSize": {"x":0,"y":0,"w":120,"h":180},
	"sourceSize": {"w":120,"h":180}
},
{
	"filename": "point-red/0039",
	"frame": {"x":2,"y":2,"w":120,"h":180},
	"rotated": false,
	"trimmed": false,
	"spriteSourceSize": {"x":0,"y":0,"w":120,"h":180},
	"sourceSize": {"w":120,"h":180}
}],
"meta": {
	"app": "http://www.codeandweb.com/texturepacker ",
	"version": "1.0",
	"image": "point-red.png",
	"format": "RGBA8888",
	"size": {"w":1024,"h":1024},
	"scale": "1",
	"smartupdate": "$TexturePacker:SmartUpdate:ff435733769981d3045adc8f8cc4d7b1:00127f6733765b8bed632622befc52d5:69b33bd7aa68f607ab892e5f8f9c5d2a$"
}
}
